year,category1,retailer,avg_sku_count,avg_brand_count,avg_category_coverage_pct,avg_exclusive_sku_count,avg_common_sku_count,matched_sku_count_promo_price_index,matched_sku_count_regular_price_index,price_index_promo_price_index,price_index_regular_price_index
2024,Bakery / Cereals / Spreads,AEON,2.0,2.0,0.017857142857142856,2.0,0.0,,,,
2024,Bakery / Cereals / Spreads,DCHFOOD,3.0,2.3333333333333335,0.026506802205300956,0.0,3.0,3.0,3.0,101.64418877187858,98.68079046988099
2024,Bakery / Cereals / Spreads,JASONS,87.33333333333333,22.333333333333332,0.7655306189501352,2.3333333333333335,85.0,85.0,85.0,100.77104876080807,100.38280246565945
2024,Bakery / Cereals / Spreads,PARKNSHOP,80.66666666666667,29.0,0.7093848950604581,22.0,58.666666666666664,58.666666666666664,58.666666666666664,99.26744665868465,100.46995181680603
2024,Bakery / Cereals / Spreads,WELLCOME,84.0,21.666666666666668,0.7353104047745416,0.6666666666666666,83.33333333333333,83.33333333333333,83.33333333333333,99.71920383294339,99.38525186459192
2024,Beer / Wines / Spirits,AEON,4.0,3.0,0.07272727272727272,4.0,0.0,,,,
2024,Beer / Wines / Spirits,DCHFOOD,7.0,7.0,0.12727272727272726,1.0,6.0,6.0,6.0,105.89728296908373,102.50005345874014
2024,Beer / Wines / Spirits,JASONS,36.333333333333336,21.0,0.713790970933828,0.0,36.333333333333336,36.333333333333336,36.333333333333336,98.3497382675963,98.45024185909507
2024,Beer / Wines / Spirits,PARKNSHOP,46.333333333333336,23.0,0.903834260977118,7.0,39.333333333333336,39.333333333333336,39.333333333333336,103.01872199500987,103.27616905235669
2024,Beer / Wines / Spirits,WELLCOME,42.333333333333336,22.333333333333332,0.826926406926407,0.3333333333333333,42.0,42.0,42.0,98.32217287601217,98.15705824567466
2024,Candies / Biscuits / Snacks,DCHFOOD,7.0,6.333333333333333,0.03279719791791862,1.0,6.0,5.666666666666667,5.666666666666667,100.91933337268877,84.67398700311212
2024,Candies / Biscuits / Snacks,JASONS,172.66666666666666,73.33333333333333,0.7947588274566079,2.6666666666666665,170.0,170.0,170.0,99.55939323183594,100.97734556621856
2024,Candies / Biscuits / Snacks,MANNINGS,16.0,12.0,0.07485071237802698,0.0,16.0,16.0,16.0,103.70054037328153,95.12296540886496
2024,Candies / Biscuits / Snacks,PARKNSHOP,170.0,73.66666666666667,0.7958847192231154,32.333333333333336,137.66666666666666,137.66666666666666,137.66666666666666,101.54598180185992,99.78963804859866
2024,Candies / Biscuits / Snacks,WATSONS,3.0,2.0,0.014034508570880061,0.0,3.0,3.0,3.0,98.23220960939723,94.2326281573989
2024,Candies / Biscuits / Snacks,WELLCOME,166.33333333333334,70.0,0.7676356548502983,1.6666666666666667,164.66666666666666,164.66666666666666,164.66666666666666,98.90940547347822,100.17870982048117
2024,Dairy / Soy products / Eggs,AEON,1.0,1.0,0.004887591875283699,0.0,1.0,1.0,1.0,102.35179157558491,98.5204674110417
2024,Dairy / Soy products / Eggs,DCHFOOD,8.666666666666666,6.333333333333333,0.042813653371324555,0.0,8.666666666666666,8.666666666666666,8.666666666666666,99.74834392653533,95.78875739859494
2024,Dairy / Soy products / Eggs,JASONS,174.0,47.666666666666664,0.8452891073682481,0.3333333333333333,173.66666666666666,173.66666666666666,173.66666666666666,99.71571783713262,100.24673792091932
2024,Dairy / Soy products / Eggs,PARKNSHOP,175.33333333333334,52.333333333333336,0.8550344753059993,27.0,148.33333333333334,148.33333333333334,148.33333333333334,101.11340667764415,100.66527337442874
2024,Dairy / Soy products / Eggs,WATSONS,6.666666666666667,2.0,0.03277978268520824,0.0,6.666666666666667,6.666666666666667,6.666666666666667,99.16968175813555,91.28392072332214
2024,Dairy / Soy products / Eggs,WELLCOME,175.0,47.0,0.8507291414540562,0.3333333333333333,174.66666666666666,174.66666666666666,174.66666666666666,99.33476052369167,99.60684729139916
2024,Drinks,AEON,2.6666666666666665,2.6666666666666665,0.014559407483231234,0.3333333333333333,2.3333333333333335,2.3333333333333335,2.3333333333333335,111.2022484804556,98.39156901371341
2024,Drinks,DCHFOOD,9.0,4.333333333333333,0.04979275143576861,0.0,9.0,8.666666666666666,8.666666666666666,104.73829173989486,93.7710189240734
2024,Drinks,JASONS,146.33333333333334,62.0,0.7932937115162657,0.0,146.33333333333334,146.33333333333334,146.33333333333334,100.37033924381701,101.1232425741433
2024,Drinks,PARKNSHOP,156.66666666666666,62.333333333333336,0.8575121511547948,31.333333333333332,125.33333333333333,125.33333333333333,125.33333333333333,99.84115228101,99.15379022138164
2024,Drinks,WATSONS,8.0,3.6666666666666665,0.04344288086819827,0.0,8.0,8.0,8.0,105.83053908540926,103.01522156893247
2024,Drinks,WELLCOME,148.0,61.333333333333336,0.8035883552593784,1.3333333333333333,146.66666666666666,146.66666666666666,146.66666666666666,99.24259583080398,99.81091878854564
2024,Household / Pet food and care,AEON,8.0,6.0,0.03941746404284769,0.0,8.0,8.0,8.0,104.93075148791564,93.12084872970262
2024,Household / Pet food and care,JASONS,150.0,57.666666666666664,0.7298248781368478,1.3333333333333333,148.66666666666666,148.66666666666666,148.66666666666666,99.72205232744837,100.4008397806948
2024,Household / Pet food and care,MANNINGS,1.0,1.0,0.004927183005355961,0.0,1.0,1.0,1.0,103.49226801869399,89.61697439567155
2024,Household / Pet food and care,PARKNSHOP,175.0,67.0,0.8619486068484082,43.333333333333336,131.66666666666666,131.66666666666666,131.66666666666666,100.44013258112305,100.65082182744567
2024,Household / Pet food and care,WATSONS,41.666666666666664,21.0,0.2051964855268701,0.6666666666666666,41.0,41.0,41.0,103.8680263951656,100.34801781564123
2024,Household / Pet food and care,WELLCOME,153.33333333333334,57.0,0.7472768851176506,1.6666666666666667,151.66666666666666,151.66666666666666,151.66666666666666,98.73983272840643,99.2043176695521
2024,Milk powder / Baby care,AEON,11.666666666666666,3.6666666666666665,0.08176408249775823,4.666666666666667,7.0,7.0,7.0,100.16612785447171,100.35705303867421
2024,Milk powder / Baby care,JASONS,65.66666666666667,21.333333333333332,0.461873318659819,0.6666666666666666,65.0,65.0,65.0,101.04115555529012,100.8738600696003
2024,Milk powder / Baby care,MANNINGS,100.0,23.0,0.7026982962419499,1.6666666666666667,98.33333333333333,98.33333333333333,98.33333333333333,100.18771934319555,100.2249098591417
2024,Milk powder / Baby care,PARKNSHOP,97.0,28.333333333333332,0.6816173473546915,2.6666666666666665,94.33333333333333,94.33333333333333,94.33333333333333,99.89288859213029,100.12652493690837
2024,Milk powder / Baby care,WATSONS,120.33333333333333,32.666666666666664,0.8456020216841934,6.666666666666667,113.66666666666667,113.66666666666667,113.66666666666667,99.15305710743644,99.0923321752528
2024,Milk powder / Baby care,WELLCOME,71.0,20.666666666666668,0.49858971223608056,0.6666666666666666,70.33333333333333,70.33333333333333,70.33333333333333,100.33070579199016,100.22158582777229
2024,Noodles / Cooking needs / Processed food (cold),AEON,5.0,5.0,0.018867924528301886,5.0,0.0,,,,
2024,Noodles / Cooking needs / Processed food (cold),DCHFOOD,26.333333333333332,13.666666666666666,0.09365108759999392,1.3333333333333333,25.0,22.0,22.0,102.70728091119088,90.3653233258247
2024,Noodles / Cooking needs / Processed food (cold),JASONS,212.33333333333334,74.33333333333333,0.7195755855431928,1.0,211.33333333333334,211.33333333333334,211.33333333333334,100.09285212091079,100.70213657796911
2024,Noodles / Cooking needs / Processed food (cold),PARKNSHOP,254.33333333333334,86.66666666666667,0.876740353948569,66.33333333333333,188.33333333333334,187.66666666666666,187.66666666666666,100.74352969866312,100.6121591317135
2024,Noodles / Cooking needs / Processed food (cold),WELLCOME,220.0,73.33333333333333,0.749147038931644,0.6666666666666666,219.33333333333334,219.33333333333334,219.33333333333334,99.03487623648925,99.52383204293842
2024,Personal care,AEON,4.0,4.0,0.010471775293155168,1.0,3.0,3.0,3.0,104.1467583404275,102.29998984147095
2024,Personal care,JASONS,165.66666666666666,73.0,0.43398781928915553,2.3333333333333335,163.33333333333334,163.33333333333334,163.33333333333334,101.19838832448225,100.46800379306802
2024,Personal care,MANNINGS,170.0,92.66666666666667,0.4450504499590946,13.666666666666666,156.33333333333334,156.33333333333334,156.33333333333334,95.21970479927529,99.45874211618214
2024,Personal care,PARKNSHOP,234.33333333333334,105.0,0.613489682756113,31.0,203.33333333333334,203.33333333333334,203.33333333333334,102.96526548309505,101.08563980129024
2024,Personal care,WATSONS,292.3333333333333,119.66666666666667,0.7652622488864648,46.333333333333336,246.0,246.0,246.0,100.0638395666024,99.81480432617245
2024,Personal care,WELLCOME,176.66666666666666,77.66666666666667,0.46245795836742115,1.6666666666666667,175.0,175.0,175.0,100.37296581290381,99.21498365405284
2024,Rice / Oil / Canned food / Fruits / Vegetables / Meat,AEON,7.0,6.0,0.03125,7.0,0.0,,,,
2024,Rice / Oil / Canned food / Fruits / Vegetables / Meat,DCHFOOD,31.666666666666668,18.0,0.12703788958123516,4.666666666666667,27.0,27.0,27.0,104.69545721254377,101.03400731862304
2024,Rice / Oil / Canned food / Fruits / Vegetables / Meat,JASONS,127.33333333333333,51.666666666666664,0.5008125800042033,6.666666666666667,120.66666666666667,120.66666666666667,120.66666666666667,100.61772721357848,100.71942433204613
2024,Rice / Oil / Canned food / Fruits / Vegetables / Meat,PARKNSHOP,188.33333333333334,77.33333333333333,0.7546393908626671,106.0,82.33333333333333,82.33333333333333,82.33333333333333,97.97607494610259,98.69299557050014
2024,Rice / Oil / Canned food / Fruits / Vegetables / Meat,WELLCOME,122.66666666666667,48.333333333333336,0.48283270148777113,0.3333333333333333,122.33333333333333,122.33333333333333,122.33333333333333,99.99829299885938,100.03575239476704
