month,category1,retailer,sku_count,brand_count,category_total_sku_count,exclusive_sku_count,common_sku_count,category_coverage_pct
2024-01,Bakery / Cereals / Spreads,AEON,2,2,112,2,0,0.017857142857142856
2024-01,Bakery / Cereals / Spreads,DCHFOOD,5,3,112,0,5,0.044642857142857144
2024-01,Bakery / Cereals / Spreads,JASONS,84,22,112,0,84,0.75
2024-01,Bakery / Cereals / Spreads,PARKNSHOP,82,29,112,17,65,0.7321428571428571
2024-01,Bakery / Cereals / Spreads,WELLCOME,87,22,112,2,85,0.7767857142857143
2024-01,Beer / Wines / Spirits,AEON,4,3,55,4,0,0.07272727272727272
2024-01,Beer / Wines / Spirits,DCHFOOD,7,7,55,1,6,0.12727272727272726
2024-01,Beer / Wines / Spirits,JASONS,30,20,55,0,30,0.5454545454545454
2024-01,Beer / Wines / Spirits,PARKNSHOP,48,24,55,7,41,0.8727272727272727
2024-01,Beer / Wines / Spirits,WELLCOME,42,22,55,1,41,0.7636363636363637
2024-01,Candies / Biscuits / Snacks,DCHFOOD,8,7,197,1,7,0.04060913705583756
2024-01,Candies / Biscuits / Snacks,JASONS,141,69,197,3,138,0.7157360406091371
2024-01,Candies / Biscuits / Snacks,MANNINGS,16,12,197,0,16,0.08121827411167512
2024-01,Candies / Biscuits / Snacks,PARKNSHOP,170,74,197,31,139,0.8629441624365483
2024-01,Candies / Biscuits / Snacks,WATSONS,3,2,197,0,3,0.015228426395939087
2024-01,Candies / Biscuits / Snacks,WELLCOME,151,70,197,3,148,0.766497461928934
2024-01,Dairy / Soy products / Eggs,AEON,1,1,193,0,1,0.0051813471502590676
2024-01,Dairy / Soy products / Eggs,DCHFOOD,11,7,193,0,11,0.05699481865284974
2024-01,Dairy / Soy products / Eggs,JASONS,161,47,193,0,161,0.8341968911917098
2024-01,Dairy / Soy products / Eggs,PARKNSHOP,163,51,193,23,140,0.844559585492228
2024-01,Dairy / Soy products / Eggs,WATSONS,8,2,193,0,8,0.04145077720207254
2024-01,Dairy / Soy products / Eggs,WELLCOME,165,46,193,1,164,0.8549222797927462
2024-01,Drinks,AEON,3,3,169,1,2,0.01775147928994083
2024-01,Drinks,DCHFOOD,11,5,169,0,11,0.0650887573964497
2024-01,Drinks,JASONS,122,58,169,0,122,0.7218934911242604
2024-01,Drinks,PARKNSHOP,150,62,169,35,115,0.8875739644970414
2024-01,Drinks,WATSONS,6,3,169,0,6,0.03550295857988166
2024-01,Drinks,WELLCOME,129,58,169,4,125,0.7633136094674556
2024-01,Household / Pet food and care,AEON,8,6,191,0,8,0.041884816753926704
2024-01,Household / Pet food and care,JASONS,129,56,191,1,128,0.675392670157068
2024-01,Household / Pet food and care,MANNINGS,1,1,191,0,1,0.005235602094240838
2024-01,Household / Pet food and care,PARKNSHOP,174,66,191,43,131,0.9109947643979057
2024-01,Household / Pet food and care,WATSONS,42,21,191,1,41,0.2198952879581152
2024-01,Household / Pet food and care,WELLCOME,140,56,191,2,138,0.7329842931937173
2024-01,Milk powder / Baby care,AEON,15,5,145,8,7,0.10344827586206896
2024-01,Milk powder / Baby care,JASONS,59,22,145,0,59,0.4068965517241379
2024-01,Milk powder / Baby care,MANNINGS,100,23,145,1,99,0.6896551724137931
2024-01,Milk powder / Baby care,PARKNSHOP,97,29,145,2,95,0.6689655172413793
2024-01,Milk powder / Baby care,WATSONS,120,32,145,5,115,0.8275862068965517
2024-01,Milk powder / Baby care,WELLCOME,76,22,145,2,74,0.5241379310344828
2024-01,Noodles / Cooking needs / Processed food (cold),AEON,5,5,265,5,0,0.018867924528301886
2024-01,Noodles / Cooking needs / Processed food (cold),DCHFOOD,44,21,265,2,42,0.1660377358490566
2024-01,Noodles / Cooking needs / Processed food (cold),JASONS,172,73,265,1,171,0.6490566037735849
2024-01,Noodles / Cooking needs / Processed food (cold),PARKNSHOP,244,84,265,53,192,0.9207547169811321
2024-01,Noodles / Cooking needs / Processed food (cold),WELLCOME,199,73,265,2,197,0.7509433962264151
2024-01,Personal care,AEON,4,4,386,1,3,0.010362694300518135
2024-01,Personal care,JASONS,145,64,386,4,141,0.3756476683937824
2024-01,Personal care,MANNINGS,170,92,386,13,157,0.44041450777202074
2024-01,Personal care,PARKNSHOP,233,105,386,30,203,0.6036269430051814
2024-01,Personal care,WATSONS,296,121,386,46,250,0.7668393782383419
2024-01,Personal care,WELLCOME,180,78,386,5,175,0.46632124352331605
2024-01,Rice / Oil / Canned food / Fruits / Vegetables / Meat,AEON,7,6,224,7,0,0.03125
2024-01,Rice / Oil / Canned food / Fruits / Vegetables / Meat,DCHFOOD,31,18,224,4,27,0.13839285714285715
2024-01,Rice / Oil / Canned food / Fruits / Vegetables / Meat,JASONS,105,50,224,4,101,0.46875
2024-01,Rice / Oil / Canned food / Fruits / Vegetables / Meat,PARKNSHOP,174,74,224,91,83,0.7767857142857143
2024-01,Rice / Oil / Canned food / Fruits / Vegetables / Meat,WELLCOME,108,50,224,1,107,0.48214285714285715
2024-02,Bakery / Cereals / Spreads,DCHFOOD,2,2,109,0,2,0.01834862385321101
2024-02,Bakery / Cereals / Spreads,JASONS,83,22,109,7,76,0.7614678899082569
2024-02,Bakery / Cereals / Spreads,PARKNSHOP,81,29,109,24,57,0.7431192660550459
2024-02,Bakery / Cereals / Spreads,WELLCOME,72,21,109,0,72,0.6605504587155964
2024-02,Beer / Wines / Spirits,JASONS,39,21,49,0,39,0.7959183673469388
2024-02,Beer / Wines / Spirits,PARKNSHOP,46,23,49,7,39,0.9387755102040817
2024-02,Beer / Wines / Spirits,WELLCOME,42,22,49,0,42,0.8571428571428571
2024-02,Candies / Biscuits / Snacks,DCHFOOD,6,6,203,1,5,0.029556650246305417
2024-02,Candies / Biscuits / Snacks,JASONS,166,76,203,4,162,0.8177339901477833
2024-02,Candies / Biscuits / Snacks,MANNINGS,16,12,203,0,16,0.07881773399014778
2024-02,Candies / Biscuits / Snacks,PARKNSHOP,172,74,203,34,138,0.8472906403940886
2024-02,Candies / Biscuits / Snacks,WATSONS,3,2,203,0,3,0.014778325123152709
2024-02,Candies / Biscuits / Snacks,WELLCOME,149,69,203,0,149,0.7339901477832512
2024-02,Dairy / Soy products / Eggs,AEON,1,1,197,0,1,0.005076142131979695
2024-02,Dairy / Soy products / Eggs,DCHFOOD,8,6,197,0,8,0.04060913705583756
2024-02,Dairy / Soy products / Eggs,JASONS,166,46,197,0,166,0.8426395939086294
2024-02,Dairy / Soy products / Eggs,PARKNSHOP,181,53,197,28,153,0.9187817258883249
2024-02,Dairy / Soy products / Eggs,WATSONS,6,2,197,0,6,0.030456852791878174
2024-02,Dairy / Soy products / Eggs,WELLCOME,166,46,197,0,166,0.8426395939086294
2024-02,Drinks,AEON,2,2,176,0,2,0.011363636363636364
2024-02,Drinks,DCHFOOD,8,4,176,0,8,0.045454545454545456
2024-02,Drinks,JASONS,144,63,176,0,144,0.8181818181818182
2024-02,Drinks,PARKNSHOP,159,62,176,29,130,0.9034090909090909
2024-02,Drinks,WATSONS,9,4,176,0,9,0.05113636363636364
2024-02,Drinks,WELLCOME,143,62,176,0,143,0.8125
2024-02,Household / Pet food and care,AEON,8,6,191,0,8,0.041884816753926704
2024-02,Household / Pet food and care,JASONS,141,57,191,1,140,0.7382198952879581
2024-02,Household / Pet food and care,MANNINGS,1,1,191,0,1,0.005235602094240838
2024-02,Household / Pet food and care,PARKNSHOP,175,66,191,43,132,0.9162303664921466
2024-02,Household / Pet food and care,WATSONS,41,21,191,1,40,0.21465968586387435
2024-02,Household / Pet food and care,WELLCOME,140,56,191,1,139,0.7329842931937173
2024-02,Milk powder / Baby care,AEON,10,3,141,3,7,0.07092198581560284
2024-02,Milk powder / Baby care,JASONS,70,21,141,2,68,0.49645390070921985
2024-02,Milk powder / Baby care,MANNINGS,100,23,141,2,98,0.7092198581560284
2024-02,Milk powder / Baby care,PARKNSHOP,97,28,141,3,94,0.6879432624113475
2024-02,Milk powder / Baby care,WATSONS,120,33,141,7,113,0.851063829787234
2024-02,Milk powder / Baby care,WELLCOME,69,20,141,0,69,0.48936170212765956
2024-02,Noodles / Cooking needs / Processed food (cold),DCHFOOD,17,10,275,1,16,0.06181818181818182
2024-02,Noodles / Cooking needs / Processed food (cold),JASONS,201,75,275,1,200,0.730909090909091
2024-02,Noodles / Cooking needs / Processed food (cold),PARKNSHOP,260,88,275,72,188,0.9454545454545454
2024-02,Noodles / Cooking needs / Processed food (cold),WELLCOME,199,73,275,0,199,0.7236363636363636
2024-02,Personal care,AEON,4,4,380,1,3,0.010526315789473684
2024-02,Personal care,JASONS,177,78,380,3,174,0.46578947368421053
2024-02,Personal care,MANNINGS,171,92,380,15,156,0.45
2024-02,Personal care,PARKNSHOP,233,104,380,31,202,0.6131578947368421
2024-02,Personal care,WATSONS,289,118,380,45,244,0.7605263157894737
2024-02,Personal care,WELLCOME,173,76,380,0,173,0.45526315789473687
2024-02,Rice / Oil / Canned food / Fruits / Vegetables / Meat,DCHFOOD,31,18,239,5,26,0.1297071129707113
2024-02,Rice / Oil / Canned food / Fruits / Vegetables / Meat,JASONS,112,52,239,11,101,0.4686192468619247
2024-02,Rice / Oil / Canned food / Fruits / Vegetables / Meat,PARKNSHOP,195,78,239,113,82,0.8158995815899581
2024-02,Rice / Oil / Canned food / Fruits / Vegetables / Meat,WELLCOME,100,46,239,0,100,0.41841004184100417
2024-03,Bakery / Cereals / Spreads,DCHFOOD,2,2,121,0,2,0.01652892561983471
2024-03,Bakery / Cereals / Spreads,JASONS,95,23,121,0,95,0.7851239669421488
2024-03,Bakery / Cereals / Spreads,PARKNSHOP,79,29,121,25,54,0.6528925619834711
2024-03,Bakery / Cereals / Spreads,WELLCOME,93,22,121,0,93,0.768595041322314
2024-03,Beer / Wines / Spirits,JASONS,40,22,50,0,40,0.8
2024-03,Beer / Wines / Spirits,PARKNSHOP,45,22,50,7,38,0.9
2024-03,Beer / Wines / Spirits,WELLCOME,43,23,50,0,43,0.86
2024-03,Candies / Biscuits / Snacks,DCHFOOD,7,6,248,1,6,0.028225806451612902
2024-03,Candies / Biscuits / Snacks,JASONS,211,75,248,1,210,0.8508064516129032
2024-03,Candies / Biscuits / Snacks,MANNINGS,16,12,248,0,16,0.06451612903225806
2024-03,Candies / Biscuits / Snacks,PARKNSHOP,168,73,248,32,136,0.6774193548387096
2024-03,Candies / Biscuits / Snacks,WATSONS,3,2,248,0,3,0.012096774193548387
2024-03,Candies / Biscuits / Snacks,WELLCOME,199,71,248,2,197,0.8024193548387096
2024-03,Dairy / Soy products / Eggs,AEON,1,1,227,0,1,0.004405286343612335
2024-03,Dairy / Soy products / Eggs,DCHFOOD,7,6,227,0,7,0.030837004405286344
2024-03,Dairy / Soy products / Eggs,JASONS,195,50,227,1,194,0.8590308370044053
2024-03,Dairy / Soy products / Eggs,PARKNSHOP,182,53,227,30,152,0.801762114537445
2024-03,Dairy / Soy products / Eggs,WATSONS,6,2,227,0,6,0.02643171806167401
2024-03,Dairy / Soy products / Eggs,WELLCOME,194,49,227,0,194,0.8546255506607929
2024-03,Drinks,AEON,3,3,206,0,3,0.014563106796116505
2024-03,Drinks,DCHFOOD,8,4,206,0,8,0.038834951456310676
2024-03,Drinks,JASONS,173,65,206,0,173,0.8398058252427184
2024-03,Drinks,PARKNSHOP,161,63,206,30,131,0.7815533980582524
2024-03,Drinks,WATSONS,9,4,206,0,9,0.043689320388349516
2024-03,Drinks,WELLCOME,172,64,206,0,172,0.8349514563106796
2024-03,Household / Pet food and care,AEON,8,6,232,0,8,0.034482758620689655
2024-03,Household / Pet food and care,JASONS,180,60,232,2,178,0.7758620689655172
2024-03,Household / Pet food and care,MANNINGS,1,1,232,0,1,0.004310344827586207
2024-03,Household / Pet food and care,PARKNSHOP,176,69,232,44,132,0.7586206896551724
2024-03,Household / Pet food and care,WATSONS,42,21,232,0,42,0.1810344827586207
2024-03,Household / Pet food and care,WELLCOME,180,59,232,2,178,0.7758620689655172
2024-03,Milk powder / Baby care,AEON,10,3,141,3,7,0.07092198581560284
2024-03,Milk powder / Baby care,JASONS,68,21,141,0,68,0.48226950354609927
2024-03,Milk powder / Baby care,MANNINGS,100,23,141,2,98,0.7092198581560284
2024-03,Milk powder / Baby care,PARKNSHOP,97,28,141,3,94,0.6879432624113475
2024-03,Milk powder / Baby care,WATSONS,121,33,141,8,113,0.8581560283687943
2024-03,Milk powder / Baby care,WELLCOME,68,20,141,0,68,0.48226950354609927
2024-03,Noodles / Cooking needs / Processed food (cold),DCHFOOD,18,10,339,1,17,0.05309734513274336
2024-03,Noodles / Cooking needs / Processed food (cold),JASONS,264,75,339,1,263,0.7787610619469026
2024-03,Noodles / Cooking needs / Processed food (cold),PARKNSHOP,259,88,339,74,185,0.7640117994100295
2024-03,Noodles / Cooking needs / Processed food (cold),WELLCOME,262,74,339,0,262,0.7728613569321534
2024-03,Personal care,AEON,4,4,380,1,3,0.010526315789473684
2024-03,Personal care,JASONS,175,77,380,0,175,0.4605263157894737
2024-03,Personal care,MANNINGS,169,94,380,13,156,0.44473684210526315
2024-03,Personal care,PARKNSHOP,237,106,380,32,205,0.6236842105263158
2024-03,Personal care,WATSONS,292,120,380,48,244,0.7684210526315789
2024-03,Personal care,WELLCOME,177,79,380,0,177,0.46578947368421053
2024-03,Rice / Oil / Canned food / Fruits / Vegetables / Meat,DCHFOOD,33,18,292,5,28,0.11301369863013698
2024-03,Rice / Oil / Canned food / Fruits / Vegetables / Meat,JASONS,165,53,292,5,160,0.565068493150685
2024-03,Rice / Oil / Canned food / Fruits / Vegetables / Meat,PARKNSHOP,196,80,292,114,82,0.6712328767123288
2024-03,Rice / Oil / Canned food / Fruits / Vegetables / Meat,WELLCOME,160,49,292,0,160,0.547945205479452
